{
    "mse": 0.8098486639362541,
    "rmse": 0.8999159204816048,
    "mae": 0.6938036694495087,
    "r2": 0.1908604720934296
}